CRIM,ZN,INDUS,CHAS,NOX,RM,AGE,DIS,RAD,TAX,PTRATIO,B,LSTAT,MEDV,Model_Prediction
0.00632,18.0,2.31,0.0,0.538,6.575,65.2,4.09,1,296,15.3,396.9,4.98,24.0,25.79339621542442
0.02731,0.0,7.07,0.0,0.469,6.421,78.9,4.9671,2,242,17.8,396.9,9.14,21.6,21.404990426737616
0.02729,0.0,7.07,0.0,0.469,7.185,61.1,4.9671,2,242,17.8,392.83,4.03,34.7,34.04598491950159
0.03237,0.0,2.18,0.0,0.458,6.998,45.8,6.0622,3,222,18.7,394.63,2.94,33.4,33.82955546893292
0.06905,0.0,2.18,0.0,0.458,7.147,54.2,6.0622,3,222,18.7,396.9,,36.2,35.86694797626695
0.02985,0.0,2.18,0.0,0.458,6.43,58.7,6.0622,3,222,18.7,394.12,5.21,28.7,27.85622434421688
0.08829,12.5,7.87,,0.524,6.012,66.6,5.5605,5,311,15.2,395.6,12.43,22.9,22.286262307346128
0.14455,12.5,7.87,0.0,0.524,6.172,96.1,5.9505,5,311,15.2,396.9,19.15,27.1,26.424910886151977
0.21124,12.5,7.87,0.0,0.524,5.631,100.0,6.0821,5,311,15.2,386.63,29.93,16.5,16.387415158403766
0.17004,12.5,7.87,,0.524,6.004,85.9,6.5921,5,311,15.2,386.71,17.1,18.9,18.82631056219936
0.22489,12.5,7.87,0.0,0.524,6.377,94.3,6.3467,5,311,15.2,392.52,20.45,15.0,15.856622417210653
0.11747,12.5,7.87,0.0,0.524,6.009,82.9,6.2267,5,311,15.2,396.9,13.27,18.9,21.64059493408834
0.09378,12.5,7.87,0.0,0.524,5.889,39.0,5.4509,5,311,15.2,390.5,15.71,21.7,21.57155968994422
0.62976,0.0,8.14,0.0,0.538,5.949,61.8,4.7075,4,307,21.0,396.9,8.26,20.4,20.402251855439186
0.63796,0.0,8.14,,0.538,6.096,84.5,4.4619,4,307,21.0,380.02,10.26,18.2,18.675689866619052
0.62739,0.0,8.14,0.0,0.538,5.834,56.5,4.4986,4,307,21.0,395.62,8.47,19.9,20.133548245151967
1.05393,0.0,8.14,0.0,0.538,5.935,29.3,4.4986,4,307,21.0,386.85,6.58,23.1,22.662782485916388
0.7842,0.0,8.14,0.0,0.538,5.99,81.7,4.2579,4,307,21.0,386.75,14.67,17.5,17.399919429289238
0.80271,0.0,8.14,0.0,0.538,5.456,36.6,3.7965,4,307,21.0,288.99,11.69,20.2,17.80038559576674
0.7258,0.0,8.14,0.0,0.538,5.727,69.5,3.7965,4,307,21.0,390.95,11.28,18.2,18.09947304426337
1.25179,0.0,8.14,0.0,0.538,5.57,98.1,3.7979,4,307,21.0,376.57,21.02,13.6,13.158241067226905
0.85204,0.0,8.14,0.0,0.538,5.965,89.2,4.0123,4,307,21.0,392.53,13.83,19.6,18.86172223514083
1.23247,0.0,8.14,0.0,0.538,6.142,91.7,3.9769,4,307,21.0,396.9,18.72,15.2,17.761450334560877
0.98843,0.0,8.14,0.0,0.538,5.813,100.0,4.0952,4,307,21.0,394.54,19.88,14.5,14.30012774836783
0.75026,0.0,8.14,0.0,0.538,5.924,94.1,4.3996,4,307,21.0,394.33,16.3,15.6,15.59840219424444
0.84054,0.0,8.14,0.0,0.538,5.599,85.7,4.4546,4,307,21.0,303.42,16.51,13.9,14.384006727548806
0.67191,0.0,8.14,0.0,0.538,5.813,90.3,4.682,4,307,21.0,376.88,14.81,16.6,16.700046867193027
0.95577,0.0,8.14,0.0,0.538,6.047,88.8,4.4534,4,307,21.0,306.38,17.28,14.8,14.961526237324572
0.77299,0.0,8.14,0.0,0.538,6.495,94.4,4.4547,4,307,21.0,387.94,12.8,18.4,17.960118826803548
1.00245,0.0,8.14,0.0,0.538,6.674,87.3,4.239,4,307,21.0,380.23,11.98,21.0,20.51874775860742
1.13081,0.0,8.14,0.0,0.538,5.713,94.1,4.233,4,307,21.0,360.17,22.6,12.7,12.8357804038394
1.35472,0.0,8.14,0.0,0.538,6.072,100.0,4.175,4,307,21.0,376.73,13.04,14.5,15.507940945525482
1.38799,0.0,8.14,0.0,0.538,5.95,82.0,3.99,4,307,21.0,232.6,27.71,13.2,13.567125427868804
1.15172,0.0,8.14,0.0,0.538,5.701,95.0,3.7872,4,307,21.0,358.77,18.35,13.1,15.27765553010066
1.61282,0.0,8.14,0.0,0.538,6.096,96.9,3.7598,4,307,21.0,248.31,20.34,13.5,13.656913935369545
0.06417,0.0,5.96,0.0,0.499,5.933,68.2,3.3603,5,279,19.2,396.9,,18.9,19.790853082208447
0.09744,0.0,,0.0,0.499,5.841,61.4,3.3779,5,279,19.2,377.56,11.41,20.0,20.59516037589298
0.08014,0.0,5.96,0.0,0.499,5.85,41.5,3.9342,5,279,19.2,396.9,8.77,21.0,21.474613221086987
0.17505,0.0,5.96,0.0,0.499,5.966,30.2,3.8473,5,279,19.2,393.43,10.13,24.7,24.042947285543537
0.02763,75.0,2.95,0.0,0.428,6.595,21.8,5.4011,3,252,18.3,395.63,4.32,30.8,27.6026267306062
0.03359,75.0,2.95,0.0,0.428,7.024,15.8,5.4011,3,252,18.3,395.62,1.98,34.9,34.684595560288344
0.12744,0.0,6.91,0.0,0.448,6.77,2.9,5.7209,3,233,17.9,385.41,4.84,26.6,27.16266195398273
0.1415,0.0,6.91,0.0,0.448,6.169,6.6,5.7209,3,233,17.9,383.37,5.81,25.3,24.753326056459372
0.15936,0.0,6.91,,0.448,6.211,6.5,5.7209,3,233,17.9,394.46,7.44,24.7,24.409245825052068
0.12269,0.0,6.91,0.0,0.448,6.069,40.0,5.7209,3,233,17.9,389.39,9.55,21.2,21.289037649753023
0.17142,0.0,6.91,0.0,0.448,5.682,33.8,5.1004,3,233,17.9,396.9,10.21,19.3,19.82511744332592
0.18836,0.0,6.91,0.0,0.448,5.786,33.3,5.1004,3,233,17.9,396.9,14.15,20.0,21.822904936471176
0.22927,0.0,,0.0,0.448,6.03,85.5,5.6894,3,233,17.9,392.74,18.8,16.6,17.39502217837524
0.25387,0.0,6.91,0.0,0.448,5.399,95.3,5.87,3,233,17.9,396.9,30.81,14.4,14.554191498471653
0.21977,0.0,6.91,0.0,0.448,5.602,62.0,6.0877,3,233,17.9,396.9,16.2,19.4,18.97810181090787
0.08873,21.0,5.64,0.0,0.439,5.963,45.7,6.8147,4,243,16.8,395.56,13.45,19.7,20.00794122692521
0.04337,21.0,,0.0,0.439,6.115,63.0,6.8147,4,243,16.8,393.97,9.43,20.5,21.159723786040928
0.0536,21.0,5.64,0.0,0.439,6.511,21.1,6.8147,4,243,16.8,396.9,5.28,25.0,25.13869236283502
,21.0,5.64,0.0,0.439,5.998,21.4,6.8147,4,243,16.8,396.9,8.43,23.4,22.90936620838526
0.0136,75.0,4.0,0.0,0.41,5.888,47.6,7.3197,3,469,21.1,396.9,14.8,18.9,18.645935808077834
0.01311,90.0,1.22,0.0,0.403,7.249,21.9,8.6966,5,226,17.9,395.93,4.81,35.4,36.19457674039595
0.02055,85.0,0.74,0.0,0.41,6.383,35.7,9.1876,2,313,17.3,396.9,5.77,24.7,24.768882978234924
0.01432,100.0,1.32,0.0,0.411,6.816,40.5,8.3248,5,256,15.1,392.9,3.95,31.6,31.58469246487285
0.15445,25.0,5.13,0.0,0.453,6.145,29.2,7.8148,8,284,19.7,390.68,6.86,23.3,22.89053481257252
0.10328,25.0,5.13,0.0,0.453,5.927,47.2,6.932,8,284,19.7,396.9,9.22,19.6,19.867184924063125
0.14932,25.0,5.13,0.0,0.453,5.741,66.2,7.2254,8,284,19.7,395.11,13.15,18.7,18.66687445389631
0.17171,25.0,5.13,0.0,0.453,5.966,93.4,6.8185,8,284,19.7,378.08,14.44,16.0,16.408870836461745
0.11027,25.0,5.13,0.0,0.453,6.456,67.8,7.2255,8,284,19.7,396.9,6.73,22.2,22.13557808301246
0.1265,25.0,5.13,0.0,0.453,6.762,43.4,7.9809,8,284,19.7,395.58,9.5,25.0,24.191341890407895
0.01951,17.5,1.38,0.0,0.4161,7.104,59.5,9.2229,3,216,18.6,393.24,8.05,33.0,32.92563440810798
0.03584,80.0,3.37,0.0,0.398,6.29,17.8,6.6115,4,337,16.1,396.9,4.67,23.5,23.92103809020881
0.04379,80.0,3.37,0.0,0.398,5.787,31.1,6.6115,4,337,16.1,396.9,10.24,19.4,19.240499634926255
0.05789,12.5,6.07,0.0,0.409,5.878,21.4,6.498,4,345,18.9,396.21,8.1,22.0,21.324449542015643
0.13554,12.5,6.07,0.0,0.409,5.594,36.8,6.498,4,345,18.9,396.9,13.09,17.4,19.63725577845322
0.12816,12.5,6.07,0.0,0.409,5.885,33.0,6.498,4,345,18.9,396.9,8.79,20.9,21.96863274262313
0.08826,0.0,10.81,0.0,0.413,6.417,6.6,5.2873,4,305,19.2,383.73,6.72,24.2,23.921251152986727
0.15876,0.0,10.81,0.0,0.413,5.961,17.5,5.2873,4,305,19.2,376.94,9.88,21.7,22.051982994704094
0.09164,0.0,10.81,0.0,0.413,6.065,7.8,5.2873,4,305,19.2,390.91,5.52,22.8,23.86288497900356
0.19539,0.0,10.81,0.0,0.413,6.245,6.2,5.2873,4,305,19.2,377.17,,23.4,23.020362483165247
0.07896,0.0,12.83,0.0,0.437,6.273,,4.2515,5,398,18.7,394.92,6.78,24.1,23.60773411775244
0.09512,0.0,12.83,0.0,0.437,6.286,45.0,4.5026,5,398,18.7,383.23,8.94,21.4,23.49894863732112
0.10153,0.0,12.83,0.0,0.437,6.279,74.5,4.0522,5,398,18.7,373.66,11.97,20.0,21.80956705671972
0.08707,0.0,12.83,0.0,0.437,6.14,45.8,4.0905,5,398,18.7,386.96,10.27,20.8,22.07722589796026
0.05646,0.0,12.83,0.0,0.437,6.232,53.7,5.0141,5,398,18.7,386.4,12.34,21.2,21.164501463922456
0.08387,0.0,12.83,0.0,0.437,5.874,36.6,4.5026,5,398,18.7,396.06,,20.3,20.939813572736952
0.04113,25.0,4.86,0.0,0.426,6.727,33.5,5.4007,4,281,19.0,396.9,5.29,28.0,27.50001488953135
0.04462,25.0,4.86,0.0,0.426,6.619,70.4,5.4007,4,281,19.0,395.63,7.22,23.9,24.232780293045984
0.03659,25.0,4.86,0.0,0.426,6.302,32.2,5.4007,4,281,19.0,396.9,6.72,24.8,23.39269871374244
0.03551,25.0,4.86,0.0,0.426,6.167,46.7,5.4007,4,281,19.0,390.64,7.51,22.9,22.31609805864747
0.05059,0.0,4.49,0.0,0.449,6.389,48.0,4.7794,3,247,18.5,396.9,9.62,23.9,22.513487273852096
0.05735,0.0,4.49,0.0,0.449,6.63,56.1,4.4377,3,247,18.5,392.3,6.53,26.6,26.162374573970922
0.05188,0.0,4.49,0.0,0.449,6.015,45.1,4.4272,3,247,18.5,395.99,12.86,22.5,19.780241529204044
0.07151,0.0,4.49,0.0,0.449,6.121,56.8,3.7476,3,247,18.5,395.15,,22.2,22.45610531221264
0.0566,0.0,3.41,0.0,0.489,7.007,86.3,3.4217,2,270,17.8,396.9,5.5,23.6,24.617423043126024
0.05302,0.0,3.41,0.0,0.489,7.079,63.1,3.4145,2,270,17.8,396.06,5.7,28.7,28.80768207410472
0.04684,0.0,3.41,0.0,0.489,6.417,66.1,3.0923,2,270,17.8,392.18,8.81,22.6,23.523972110019454
0.03932,0.0,3.41,0.0,0.489,6.405,73.9,3.0921,2,270,17.8,393.55,8.2,22.0,22.31271024512625
0.04203,,15.04,0.0,0.464,6.442,53.6,3.6659,4,270,18.2,395.01,8.16,22.9,23.36223110686311
0.02875,28.0,15.04,0.0,0.464,6.211,28.9,3.6659,4,270,18.2,396.33,6.21,25.0,26.02887138058225
0.04294,28.0,15.04,0.0,0.464,6.249,77.3,3.615,4,270,18.2,396.9,10.59,20.6,20.505980581656782
0.12204,0.0,2.89,0.0,0.445,6.625,57.8,3.4952,2,276,18.0,357.98,6.65,28.4,27.78923954730066
0.11504,0.0,2.89,0.0,0.445,6.163,69.6,3.4952,2,276,18.0,391.83,11.34,21.4,21.88031290284251
0.12083,0.0,2.89,0.0,0.445,8.069,76.0,3.4952,2,276,18.0,396.9,4.21,38.7,39.12548632681854
0.08187,0.0,2.89,0.0,0.445,7.82,36.9,3.4952,2,276,18.0,393.53,3.57,43.8,43.73058176654961
0.0686,0.0,2.89,0.0,0.445,7.416,62.5,3.4952,2,276,18.0,396.9,6.19,33.2,32.46624836561357
0.14866,0.0,8.56,0.0,0.52,6.727,79.9,2.7778,5,384,20.9,394.76,9.42,27.5,26.38501688965513
0.11432,0.0,8.56,0.0,0.52,6.781,71.3,2.8561,5,384,20.9,395.58,7.67,26.5,24.9539643881021
0.22876,0.0,8.56,0.0,0.52,6.405,85.4,2.7147,5,384,20.9,70.8,10.63,18.6,18.343955843335074
0.21161,0.0,8.56,0.0,0.52,6.137,,2.7147,5,384,20.9,394.47,13.44,19.3,20.416488231761733
0.1396,0.0,8.56,0.0,0.52,6.167,90.0,2.421,5,384,20.9,392.69,12.33,20.1,20.67624450705223
0.13262,0.0,8.56,0.0,0.52,5.851,96.7,2.1069,5,384,20.9,394.05,16.47,19.5,19.01268578685213
0.1712,0.0,8.56,0.0,0.52,5.836,91.9,2.211,5,384,20.9,395.67,18.66,19.5,19.008585055898322
0.13117,0.0,8.56,0.0,0.52,6.127,85.2,2.1224,5,384,20.9,387.69,14.09,20.4,20.593783475449577
0.12802,0.0,8.56,0.0,0.52,6.474,97.1,2.4329,5,384,20.9,395.24,12.27,19.8,20.124726508954662
0.26363,0.0,8.56,0.0,0.52,6.229,91.2,2.5451,5,384,20.9,391.23,15.55,19.4,19.473655397705784
0.10793,0.0,8.56,0.0,0.52,6.195,54.4,2.7778,5,384,20.9,393.49,13.0,21.7,21.933460880741887
0.10084,0.0,10.01,0.0,0.547,6.715,81.6,2.6775,6,432,17.8,395.59,10.16,22.8,23.333894583908684
0.12329,0.0,10.01,0.0,0.547,5.913,92.9,2.3534,6,432,17.8,394.95,16.21,18.8,18.625508215764224
0.22212,0.0,10.01,0.0,0.547,6.092,95.4,2.548,6,432,17.8,396.9,17.09,18.7,18.48210849583488
0.14231,0.0,10.01,0.0,0.547,6.254,84.2,2.2565,6,432,17.8,388.74,10.45,18.5,19.3923025900801
,0.0,10.01,0.0,0.547,5.928,88.2,2.4631,6,432,17.8,344.91,15.76,18.3,18.39961187543058
0.13158,0.0,10.01,0.0,0.547,6.176,72.5,2.7301,6,432,17.8,393.3,,21.2,21.233976769011505
0.15098,0.0,10.01,0.0,0.547,6.021,82.6,2.7474,6,432,17.8,394.51,10.3,19.2,19.51151132546189
0.13058,,10.01,0.0,0.547,5.872,73.1,2.4775,6,432,17.8,338.63,15.37,20.4,19.521608718183575
0.14476,0.0,10.01,,0.547,5.731,65.2,2.7592,6,432,17.8,391.5,13.61,19.3,19.669044743937224
0.06899,0.0,25.65,0.0,0.581,5.87,69.7,2.2577,2,188,19.1,389.15,14.37,22.0,22.14502164240724
0.07165,0.0,25.65,0.0,0.581,6.004,84.1,2.1974,2,188,19.1,377.67,14.27,20.3,20.698700264668837
0.09299,0.0,25.65,0.0,0.581,5.961,92.9,2.0869,2,188,19.1,378.09,17.93,20.5,20.48488860698268
0.15038,0.0,,0.0,0.581,5.856,97.0,1.9444,2,188,19.1,370.31,25.41,17.3,17.241662774082236
0.09849,0.0,25.65,0.0,0.581,5.879,95.8,2.0063,2,188,19.1,379.38,17.58,18.8,19.359458362936223
0.16902,0.0,25.65,0.0,0.581,5.986,88.4,1.9929,2,188,19.1,385.02,14.81,21.4,21.068996474296696
0.38735,0.0,25.65,0.0,0.581,5.613,,1.7572,2,188,19.1,359.29,27.26,15.7,15.736719872439192
0.25915,0.0,21.89,0.0,0.624,5.693,96.0,1.7883,4,437,21.2,392.11,17.19,16.2,15.930669834028762
0.32543,0.0,21.89,0.0,0.624,6.431,98.8,1.8125,4,437,21.2,396.9,15.39,18.0,17.666319236456715
0.88125,0.0,21.89,0.0,0.624,5.637,94.7,1.9799,4,437,21.2,396.9,18.34,14.3,15.227015936040798
0.34006,0.0,21.89,0.0,0.624,6.458,98.9,2.1185,4,437,21.2,395.04,12.6,19.2,19.61043128249282
1.19294,0.0,21.89,0.0,0.624,6.326,97.7,2.271,4,437,21.2,396.9,12.26,19.6,19.019635813412197
0.59005,0.0,21.89,0.0,0.624,6.372,97.9,2.3274,4,437,21.2,385.76,11.12,23.0,19.393437473255943
0.32982,,,0.0,0.624,5.822,95.4,2.4699,4,437,21.2,388.69,15.03,18.4,17.494321730454264
0.97617,0.0,21.89,0.0,0.624,5.757,98.4,2.346,4,437,21.2,262.76,17.31,15.6,15.598333944616538
0.55778,0.0,21.89,0.0,0.624,6.335,98.2,2.1107,4,437,21.2,394.67,16.96,18.1,17.994731417995872
0.32264,0.0,21.89,0.0,0.624,5.942,93.5,1.9669,4,437,21.2,378.25,16.9,17.4,17.14732891560004
0.35233,0.0,21.89,0.0,0.624,6.454,98.4,1.8498,4,437,21.2,394.08,14.59,17.1,18.153789107163355
0.2498,0.0,21.89,0.0,0.624,5.857,,1.6686,4,437,21.2,392.04,21.32,13.3,13.967975048493056
0.54452,0.0,21.89,0.0,0.624,6.151,97.9,1.6687,4,437,21.2,396.9,18.46,17.8,17.40218906563047
0.2909,0.0,21.89,0.0,0.624,6.174,93.6,1.6119,4,437,21.2,388.08,24.16,14.0,15.531428683712758
1.62864,0.0,21.89,0.0,0.624,5.019,100.0,1.4394,4,437,21.2,396.9,34.41,14.4,13.99798343471726
3.32105,0.0,19.58,1.0,0.871,5.403,100.0,1.3216,5,403,14.7,396.9,26.82,13.4,13.991757009257176
4.0974,0.0,19.58,0.0,0.871,5.468,100.0,1.4118,5,403,14.7,396.9,26.42,15.6,15.066870674440354
2.77974,0.0,19.58,0.0,0.871,4.903,97.8,1.3459,5,403,14.7,396.9,29.29,11.8,12.017555863119643
2.37934,0.0,19.58,0.0,0.871,6.13,100.0,1.4191,5,403,14.7,172.91,27.8,13.8,14.269638097075598
2.15505,,19.58,0.0,0.871,5.628,100.0,1.5166,5,403,14.7,169.27,16.65,15.6,15.902010860788875
2.36862,0.0,,0.0,0.871,4.926,95.7,1.4608,5,403,14.7,391.71,29.53,14.6,14.68267817538376
2.33099,0.0,,0.0,0.871,5.186,93.8,1.5296,5,403,14.7,356.99,28.32,17.8,16.948564432252546
2.73397,0.0,19.58,0.0,0.871,5.597,94.9,1.5257,5,403,14.7,351.85,21.45,15.4,15.342887414383547
1.6566,0.0,19.58,0.0,0.871,6.122,,1.618,5,403,14.7,372.8,14.1,21.5,21.32111761741649
1.49632,0.0,19.58,0.0,0.871,5.404,100.0,1.5916,5,403,14.7,341.6,13.28,19.6,18.999753880248388
1.12658,0.0,19.58,,0.871,5.012,88.0,1.6102,5,403,14.7,343.28,12.12,15.3,15.601225221872363
2.14918,0.0,19.58,0.0,0.871,5.709,98.5,1.6232,5,403,14.7,261.95,15.79,19.4,16.4015251205708
1.41385,0.0,19.58,1.0,0.871,6.129,96.0,1.7494,5,403,14.7,321.02,15.12,17.0,17.328002136402276
3.53501,0.0,19.58,1.0,0.871,6.152,,1.7455,5,403,14.7,88.01,15.02,15.6,15.844967642446901
2.44668,0.0,19.58,0.0,0.871,5.272,94.0,1.7364,5,403,14.7,88.63,16.14,13.1,13.52451434001054
1.22358,,19.58,0.0,0.605,6.943,97.4,1.8773,5,403,14.7,363.43,4.59,41.3,40.6205055471334
1.34284,0.0,19.58,0.0,0.605,6.066,100.0,1.7573,5,403,14.7,353.89,6.43,24.3,24.086050302082207
1.42502,0.0,19.58,0.0,0.871,6.51,100.0,1.7659,5,403,14.7,364.31,7.39,23.3,23.70861541936131
1.27346,0.0,19.58,1.0,0.605,6.25,92.6,1.7984,5,403,14.7,338.92,5.5,27.0,27.379143678221567
1.46336,0.0,19.58,0.0,0.605,7.489,90.8,1.9709,5,403,14.7,374.43,1.73,50.0,49.94122951709349
1.83377,0.0,19.58,1.0,0.605,7.802,98.2,2.0407,5,403,14.7,389.61,1.92,50.0,49.95350168883437
1.51902,0.0,19.58,1.0,0.605,8.375,,2.162,5,403,14.7,388.45,3.32,50.0,49.6917724207703
2.24236,0.0,19.58,0.0,0.605,5.854,91.8,2.422,5,403,14.7,395.11,11.64,22.7,22.049902362674967
2.924,0.0,19.58,0.0,0.605,6.101,93.0,2.2834,5,403,14.7,240.16,9.81,25.0,24.307400524601988
2.01019,0.0,19.58,0.0,0.605,7.929,96.2,2.0459,5,403,14.7,369.3,3.7,50.0,50.357991273992134
1.80028,,19.58,0.0,0.605,5.877,79.2,2.4259,5,403,14.7,227.61,12.14,23.8,22.848287717588917
2.3004,0.0,19.58,0.0,0.605,6.319,96.1,2.1,5,403,14.7,297.09,11.1,23.8,22.995119229791364
2.44953,0.0,19.58,0.0,0.605,6.402,95.2,2.2625,5,403,14.7,330.04,11.32,22.3,22.463868580328743
1.20742,0.0,19.58,0.0,0.605,5.875,94.6,2.4259,5,403,14.7,292.29,14.43,17.4,18.478421438405434
2.3139,0.0,19.58,0.0,0.605,5.88,97.3,2.3887,5,403,14.7,348.13,12.03,19.1,19.939973587745616
0.13914,0.0,4.05,0.0,0.51,5.572,88.5,2.5961,5,296,16.6,396.9,14.69,23.1,20.568279159221568
0.09178,0.0,,0.0,0.51,6.416,,2.6463,5,296,16.6,395.5,9.04,23.6,23.772016077467402
0.08447,0.0,4.05,0.0,0.51,5.859,68.7,2.7019,5,296,16.6,393.23,9.64,22.6,22.197552442402475
0.06664,0.0,4.05,0.0,0.51,6.546,33.1,3.1323,5,296,16.6,390.96,5.33,29.4,29.193494703979447
0.07022,0.0,4.05,0.0,0.51,6.02,47.2,3.5549,5,296,16.6,393.23,10.11,23.2,22.815624597984094
0.05425,0.0,,0.0,0.51,6.315,73.4,3.3175,5,296,16.6,395.6,6.29,24.6,23.979212658497758
0.06642,0.0,4.05,0.0,0.51,6.86,74.4,2.9153,5,296,16.6,391.27,6.92,29.9,29.49121241690414
0.0578,0.0,2.46,0.0,0.488,6.98,58.4,2.829,3,193,17.8,396.9,5.04,37.2,37.38132100964801
0.06588,0.0,2.46,0.0,0.488,7.765,83.3,2.741,3,193,17.8,395.56,7.56,39.8,40.32827791499563
0.06888,0.0,2.46,0.0,0.488,6.144,62.2,2.5979,3,193,17.8,396.9,9.45,36.2,35.39622381632719
0.09103,0.0,2.46,0.0,0.488,7.155,92.2,2.7006,3,193,17.8,394.12,4.82,37.9,37.930257678220045
,0.0,2.46,0.0,0.488,6.563,95.6,2.847,3,193,17.8,396.9,5.68,32.5,31.776433576254885
0.08308,0.0,2.46,0.0,0.488,5.604,89.8,2.9879,3,193,17.8,391.0,13.98,26.4,26.368163057336425
0.06047,0.0,2.46,0.0,0.488,6.153,68.8,3.2797,3,193,17.8,387.11,13.15,29.6,29.542930400053624
0.05602,,2.46,0.0,0.488,7.831,53.6,3.1992,3,193,17.8,392.63,4.45,50.0,49.41673121005063
0.07875,45.0,3.44,0.0,0.437,6.782,41.1,3.7886,5,398,15.2,393.87,6.68,32.0,31.557183991216544
0.12579,45.0,3.44,0.0,0.437,6.556,29.1,4.5667,5,398,15.2,382.84,4.56,29.8,30.583993412334124
0.0837,45.0,3.44,0.0,0.437,7.185,38.9,4.5667,5,398,15.2,396.9,5.39,34.9,34.74165916869565
0.09068,45.0,3.44,0.0,0.437,6.951,21.5,6.4798,5,398,15.2,377.68,5.1,37.0,36.022290155091135
,45.0,3.44,0.0,0.437,6.739,30.8,6.4798,5,398,15.2,389.71,4.69,30.5,30.40000343248508
,45.0,3.44,0.0,0.437,7.178,26.3,6.4798,5,398,15.2,390.49,2.87,36.4,36.6133319653822
0.02187,60.0,2.93,0.0,0.401,6.8,,6.2196,1,265,15.6,393.37,5.03,31.1,30.403973826956044
0.01439,60.0,2.93,0.0,0.401,6.604,18.8,6.2196,1,265,15.6,376.7,4.38,29.1,29.01548022310875
0.01381,80.0,0.46,0.0,0.422,7.875,32.0,5.6484,4,255,14.4,394.23,2.97,50.0,47.27926398898725
,80.0,1.52,0.0,0.404,7.287,34.1,7.309,2,329,12.6,396.9,4.08,33.3,33.70913507526294
0.04666,80.0,1.52,0.0,0.404,7.107,36.6,7.309,2,329,12.6,354.31,8.61,30.3,30.84413843416595
0.03768,80.0,1.52,0.0,0.404,7.274,38.3,7.309,2,329,12.6,392.2,6.62,34.6,33.7975909044286
0.0315,95.0,1.47,0.0,0.403,6.975,15.3,7.6534,3,402,17.0,396.9,4.56,34.9,34.27983674490636
0.01778,95.0,1.47,0.0,0.403,7.135,13.9,7.6534,3,402,17.0,384.3,4.45,32.9,33.10923954006343
0.03445,82.5,2.03,0.0,0.415,6.162,38.4,6.27,2,348,14.7,393.77,7.43,24.1,23.697544836573243
0.02177,82.5,2.03,0.0,0.415,7.61,15.7,6.27,2,348,14.7,395.38,3.11,42.3,42.65032538819057
0.0351,95.0,2.68,0.0,0.4161,7.853,33.2,5.118,4,224,14.7,392.78,3.81,48.5,47.23275996430074
0.02009,95.0,2.68,0.0,0.4161,8.034,31.9,5.118,4,224,14.7,390.55,2.88,50.0,46.537479126980415
0.13642,,10.59,0.0,0.489,5.891,22.3,3.9454,4,277,18.6,396.9,10.87,22.6,23.538071451401763
0.22969,0.0,10.59,,0.489,6.326,52.5,4.3549,4,277,18.6,394.87,10.97,24.4,23.90986448273424
0.25199,0.0,10.59,0.0,0.489,5.783,72.7,4.3549,4,277,18.6,389.43,,22.5,21.51770762299115
0.13587,0.0,10.59,1.0,0.489,6.064,59.1,4.2392,4,277,18.6,381.32,14.66,24.4,21.588150630575864
0.43571,0.0,10.59,1.0,0.489,5.344,100.0,3.875,4,277,18.6,396.9,23.09,20.0,17.58049938389877
0.17446,,10.59,1.0,0.489,5.96,92.1,3.8771,4,277,18.6,393.25,17.27,21.7,20.44740901215676
0.37578,0.0,10.59,1.0,0.489,5.404,88.6,3.665,4,277,18.6,395.24,23.98,19.3,19.292441457452167
0.21719,0.0,10.59,1.0,0.489,5.807,53.8,3.6526,4,277,18.6,390.94,16.03,22.4,21.912553128239374
0.14052,0.0,10.59,0.0,0.489,6.375,32.3,3.9454,4,277,18.6,385.81,9.38,28.1,27.69863957670075
0.28955,0.0,10.59,0.0,0.489,5.412,9.8,3.5875,4,277,18.6,348.93,29.55,23.7,23.40317952316388
0.19802,0.0,10.59,0.0,0.489,6.182,,3.9454,4,277,18.6,393.63,9.47,25.0,24.50200129494757
0.0456,0.0,13.89,1.0,0.55,5.888,56.0,3.1121,5,276,16.4,392.8,13.51,23.3,23.02876654655978
0.07013,0.0,13.89,0.0,0.55,6.642,85.1,3.4211,5,276,16.4,392.78,9.69,28.7,27.768310822365645
0.11069,0.0,13.89,1.0,0.55,5.951,93.8,2.8893,5,276,16.4,396.9,17.92,21.5,21.627748742818593
0.11425,0.0,,1.0,0.55,6.373,92.4,3.3633,5,276,16.4,393.74,10.5,23.0,23.318589162063578
0.35809,0.0,6.2,1.0,0.507,6.951,88.5,2.8617,8,307,17.4,391.7,9.71,26.7,27.572406343116896
0.40771,0.0,6.2,1.0,0.507,6.164,91.3,3.048,8,307,17.4,395.24,21.46,21.7,21.134113282877177
0.62356,0.0,6.2,1.0,0.507,6.879,77.7,3.2721,8,307,17.4,390.39,9.93,27.5,27.88629032352699
0.6147,0.0,6.2,0.0,0.507,6.618,80.8,3.2721,8,307,17.4,396.9,7.6,30.1,28.505952139732184
0.31533,0.0,6.2,0.0,0.504,8.266,78.3,2.8944,8,307,17.4,385.05,4.14,44.8,45.393734364266166
0.52693,0.0,6.2,0.0,0.504,8.725,83.0,2.8944,8,307,17.4,382.0,4.63,50.0,49.33971587446718
0.38214,0.0,6.2,0.0,0.504,8.04,86.5,3.2157,8,307,17.4,387.38,,37.6,37.58398723893889
0.41238,0.0,6.2,0.0,0.504,7.163,79.9,3.2157,8,307,17.4,372.08,6.36,31.6,32.20304508536368
0.29819,0.0,6.2,0.0,0.504,7.686,17.0,3.3751,8,307,17.4,377.51,,46.7,46.37059037052037
,0.0,6.2,0.0,0.504,6.552,21.4,3.3751,8,307,17.4,380.34,3.76,31.5,34.411165558572755
0.537,0.0,6.2,0.0,0.504,5.981,68.1,3.6715,8,307,17.4,378.35,11.65,24.3,23.523555384205622
0.46296,0.0,6.2,0.0,0.504,7.412,76.9,3.6715,8,307,17.4,376.14,5.25,31.7,32.03414971340431
0.57529,0.0,6.2,0.0,0.507,8.337,73.3,3.8384,8,307,17.4,385.91,2.47,41.7,42.30788783022471
0.33147,0.0,6.2,0.0,0.507,8.247,,3.6519,8,307,17.4,378.95,3.95,48.3,47.567050915551114
0.44791,0.0,6.2,1.0,0.507,6.726,66.5,3.6519,8,307,17.4,360.2,8.05,29.0,27.569538297941452
0.33045,0.0,6.2,0.0,0.507,6.086,61.5,3.6519,8,307,17.4,376.75,10.88,24.0,23.981903018163898
,0.0,6.2,1.0,0.507,6.631,76.5,4.148,8,307,17.4,388.45,9.54,25.1,25.27143941429472
0.51183,0.0,6.2,0.0,0.507,7.358,71.6,4.148,8,307,17.4,390.07,4.73,31.5,31.48208251872326
0.08244,,4.93,0.0,0.428,6.481,18.5,6.1899,6,300,16.6,379.41,6.36,23.7,24.000579625905523
0.09252,30.0,4.93,0.0,0.428,6.606,42.2,6.1899,6,300,16.6,383.78,7.37,23.3,24.22098569893736
0.11329,30.0,4.93,,0.428,6.897,54.3,6.3361,6,300,16.6,391.25,11.38,22.0,22.845405259611603
,30.0,4.93,0.0,0.428,6.095,65.1,6.3361,6,300,16.6,394.62,12.4,20.1,20.39953945383555
0.1029,30.0,4.93,0.0,0.428,6.358,52.9,7.0355,6,300,16.6,372.75,11.22,22.2,21.27302728540851
0.12757,30.0,4.93,0.0,0.428,6.393,7.8,7.0355,6,300,16.6,374.71,5.19,23.7,23.487189118495408
0.20608,22.0,5.86,0.0,0.431,5.593,76.5,7.9549,7,330,19.1,372.49,12.5,17.6,17.93796235896671
0.19133,22.0,,,0.431,5.605,70.2,7.9549,7,330,19.1,389.13,18.46,18.5,17.20458118408126
0.33983,22.0,5.86,0.0,0.431,6.108,34.9,8.0555,7,330,19.1,390.18,9.16,24.3,23.659252852791827
0.19657,22.0,5.86,0.0,0.431,6.226,79.2,8.0555,7,330,19.1,376.14,10.15,20.5,20.497879334847397
0.16439,22.0,5.86,0.0,0.431,6.433,49.1,7.8265,7,330,19.1,374.71,9.52,24.5,23.73286403324821
0.19073,22.0,5.86,0.0,0.431,6.718,17.5,7.8265,7,330,19.1,393.74,6.56,26.2,26.360307121443142
0.1403,22.0,5.86,0.0,0.431,6.487,13.0,7.3967,7,330,19.1,396.28,5.9,24.4,24.420342008118748
0.21409,22.0,5.86,0.0,0.431,6.438,8.9,7.3967,7,330,19.1,377.07,3.59,24.8,25.498251470135248
0.08221,22.0,5.86,0.0,0.431,6.957,6.8,8.9067,7,330,19.1,386.09,3.53,29.6,29.747017800463837
0.36894,22.0,5.86,0.0,0.431,8.259,8.4,8.9067,7,330,19.1,396.9,3.54,42.8,42.35845865901092
0.04819,80.0,3.64,,0.392,6.108,32.0,9.2203,1,315,16.4,392.89,6.57,21.9,22.210350781730728
0.03548,80.0,3.64,0.0,0.392,5.876,19.1,9.2203,1,315,16.4,395.18,9.25,20.9,19.686122902659193
0.01538,90.0,3.75,0.0,0.394,7.454,34.2,6.3361,3,244,15.9,386.34,3.11,44.0,43.563832065593374
0.61154,20.0,3.97,0.0,0.647,8.704,86.9,1.801,5,264,13.0,389.7,5.12,50.0,50.477832630097296
0.66351,20.0,3.97,0.0,0.647,7.333,100.0,1.8946,5,264,13.0,383.29,7.79,36.0,36.03767494686093
0.65665,20.0,3.97,0.0,0.647,6.842,100.0,2.0107,5,264,13.0,391.93,6.9,30.1,30.397025651477655
0.54011,20.0,3.97,0.0,0.647,7.203,81.8,2.1121,5,264,13.0,392.8,9.59,33.8,34.05983009341009
0.53412,20.0,3.97,0.0,0.647,7.52,89.4,2.1398,5,264,13.0,388.37,7.26,43.1,43.05947685534673
,20.0,3.97,0.0,0.647,8.398,91.5,2.2885,5,264,13.0,386.86,5.91,48.8,48.4509609402454
0.82526,20.0,3.97,0.0,0.647,7.327,94.5,2.0788,5,264,13.0,393.42,11.25,31.0,31.69877143369599
0.55007,20.0,3.97,0.0,0.647,7.206,91.6,1.9301,5,264,13.0,387.89,8.1,36.5,35.87413631625774
0.76162,20.0,3.97,0.0,0.647,5.56,62.8,1.9865,5,264,13.0,392.4,10.45,22.8,22.44671795115682
0.7857,,3.97,0.0,0.647,7.014,84.6,2.1329,5,264,13.0,384.07,14.79,30.7,30.686401116442504
0.57834,20.0,3.97,0.0,0.575,8.297,67.0,2.4216,5,264,13.0,384.54,7.44,50.0,49.67086901652466
0.5405,20.0,3.97,0.0,0.575,7.47,52.6,2.872,5,264,13.0,390.3,3.16,43.5,48.266978989006475
0.09065,20.0,6.96,1.0,0.464,5.92,61.5,3.9175,3,223,18.6,391.34,13.65,20.7,21.052401914263424
0.29916,20.0,6.96,0.0,0.464,5.856,42.1,4.429,3,223,18.6,388.65,13.0,21.1,21.021941946155724
0.16211,20.0,6.96,0.0,0.464,6.24,16.3,4.429,3,223,18.6,396.9,,25.2,24.360131650536125
0.1146,20.0,6.96,0.0,0.464,6.538,58.7,3.9175,3,223,18.6,394.96,7.73,24.4,24.725437519940318
0.22188,20.0,6.96,1.0,0.464,7.691,51.8,4.3665,3,223,18.6,390.77,6.58,35.2,35.858897224685904
0.05644,40.0,6.41,1.0,0.447,6.758,32.9,4.0776,4,254,17.6,396.9,3.53,32.4,33.341383122445365
0.09604,40.0,6.41,0.0,0.447,6.854,42.8,4.2673,4,254,17.6,396.9,2.98,32.0,32.040471206457084
0.10469,40.0,6.41,1.0,0.447,7.267,49.0,4.7872,4,254,17.6,389.25,6.05,33.2,33.282350561170084
0.06127,40.0,6.41,1.0,0.447,6.826,27.6,4.8628,4,254,17.6,393.45,,33.1,32.17622748579048
0.07978,40.0,6.41,0.0,0.447,6.482,32.1,4.1403,4,254,17.6,396.9,7.19,29.1,25.98295783226602
0.21038,20.0,3.33,0.0,0.4429,6.812,32.2,4.1007,5,216,14.9,396.9,4.85,35.1,35.338259475853505
0.03578,20.0,3.33,0.0,0.4429,7.82,64.5,4.6947,5,216,14.9,387.31,3.76,45.4,45.451318333141586
0.03705,20.0,3.33,0.0,0.4429,6.968,,5.2447,5,216,14.9,392.23,4.59,35.4,34.81697209375863
0.06129,20.0,3.33,1.0,0.4429,7.645,49.7,5.2119,5,216,14.9,377.07,3.01,46.0,46.02575771965086
0.01501,90.0,1.21,1.0,0.401,7.923,24.8,5.885,1,198,13.6,395.52,3.16,50.0,49.95319874642791
0.00906,90.0,2.97,0.0,0.4,7.088,20.8,7.3073,1,285,15.3,394.72,7.85,32.2,32.14099213391672
0.01096,55.0,2.25,0.0,0.389,6.453,31.9,7.3073,1,300,15.3,394.72,8.23,22.0,22.280005431340644
0.01965,80.0,1.76,0.0,0.385,6.23,,9.0892,1,241,18.2,341.6,12.93,20.1,19.994808614040608
0.03871,52.5,5.32,0.0,0.405,6.209,31.3,7.3172,6,293,16.6,396.9,7.14,23.2,22.971558191525233
,52.5,5.32,0.0,0.405,6.315,45.6,7.3172,6,293,16.6,396.9,7.6,22.3,22.76827831287598
0.04297,52.5,5.32,0.0,0.405,6.565,22.9,7.3172,6,293,16.6,371.72,9.51,24.8,24.540757441114945
0.03502,80.0,4.95,0.0,0.411,6.861,27.9,5.1167,4,245,19.2,396.9,3.33,28.5,33.6572140202246
0.07886,80.0,4.95,0.0,0.411,7.148,27.7,5.1167,4,245,19.2,396.9,3.56,37.3,36.7938537223753
0.03615,80.0,,0.0,0.411,6.63,23.4,5.1167,4,245,19.2,396.9,4.7,27.9,28.116374719059323
0.08265,0.0,13.92,0.0,0.437,6.127,18.4,5.5027,4,289,16.0,396.9,8.58,23.9,24.44284079722965
0.08199,0.0,13.92,,0.437,6.009,42.3,5.5027,4,289,16.0,396.9,10.4,21.7,21.780402351430986
0.12932,0.0,13.92,0.0,0.437,6.678,31.1,5.9604,4,289,16.0,396.9,6.27,28.6,28.663162258344844
0.05372,0.0,13.92,0.0,0.437,6.549,51.0,5.9604,4,289,16.0,392.85,7.39,27.1,26.500818569144283
0.14103,0.0,,0.0,0.437,5.79,58.0,6.32,4,289,16.0,396.9,15.84,20.3,20.26771138068975
0.06466,70.0,2.24,0.0,0.4,6.345,20.1,7.8278,5,358,14.8,368.24,4.97,22.5,22.755754828324935
0.05561,70.0,2.24,0.0,0.4,7.041,10.0,7.8278,5,358,14.8,371.58,4.74,29.0,29.035121625310328
0.04417,70.0,2.24,0.0,0.4,6.871,47.4,7.8278,5,358,14.8,390.86,6.07,24.8,25.393363004534844
0.03537,,6.09,0.0,0.433,6.59,40.4,5.4917,7,329,16.1,395.75,9.5,22.0,23.151333049847
,34.0,6.09,0.0,0.433,6.495,18.4,5.4917,7,329,16.1,383.61,8.67,26.4,25.883330067143763
0.1,,6.09,0.0,0.433,6.982,17.7,5.4917,7,329,16.1,390.43,4.86,33.1,32.70605763252376
0.05515,33.0,2.18,0.0,0.472,7.236,41.1,4.022,7,222,18.4,393.68,6.93,36.1,35.853982023865306
0.05479,33.0,,0.0,0.472,6.616,58.1,3.37,7,222,18.4,393.36,8.93,28.4,28.50531070331093
0.07503,33.0,2.18,0.0,0.472,7.42,71.9,3.0992,7,222,18.4,396.9,6.47,33.4,33.70337500994955
0.04932,33.0,2.18,0.0,0.472,6.849,70.3,3.1827,7,222,18.4,396.9,7.53,28.2,31.21380425054571
0.49298,0.0,9.9,0.0,0.544,6.635,82.5,3.3175,4,304,18.4,396.9,4.54,22.8,23.507699028291324
0.3494,0.0,9.9,0.0,0.544,5.972,76.7,3.1025,4,304,18.4,396.24,9.97,20.3,19.975648681986467
2.63548,0.0,9.9,0.0,0.544,4.973,37.8,2.5194,4,304,18.4,350.45,12.64,16.1,16.725266280305625
0.79041,0.0,9.9,0.0,0.544,6.122,52.8,2.6403,4,304,18.4,396.9,5.98,22.1,22.866443388656197
0.26169,0.0,9.9,0.0,0.544,6.023,90.4,2.834,4,304,18.4,396.3,11.72,19.4,19.266424618595288
0.26938,0.0,9.9,0.0,0.544,6.266,82.8,3.2628,4,304,18.4,393.39,7.9,21.6,21.972776421905817
0.3692,0.0,9.9,0.0,0.544,6.567,87.3,3.6023,4,304,18.4,395.69,9.28,23.8,23.403094185352174
0.25356,0.0,9.9,0.0,0.544,5.705,77.7,3.945,4,304,18.4,396.42,11.5,16.2,16.98897342552564
0.31827,0.0,9.9,0.0,0.544,5.914,,3.9986,4,304,18.4,390.7,18.33,17.8,18.909151386070093
0.24522,0.0,9.9,0.0,0.544,5.782,71.7,4.0317,4,304,18.4,396.9,15.94,19.8,19.217866261136802
0.40202,0.0,9.9,0.0,0.544,6.382,67.2,3.5325,4,304,18.4,395.21,10.36,23.1,22.946608003409697
0.47547,0.0,9.9,0.0,0.544,6.113,58.8,4.0019,4,304,18.4,396.23,12.73,21.0,21.084772147880255
0.1676,0.0,7.38,0.0,0.493,6.426,52.3,4.5404,5,287,19.6,396.9,7.2,23.8,22.71403073753631
0.18159,0.0,7.38,0.0,0.493,6.376,54.3,4.5404,5,287,19.6,396.9,6.87,23.1,22.681430841402427
0.35114,0.0,7.38,0.0,0.493,6.041,49.9,4.7211,5,287,19.6,396.9,7.7,20.4,21.068813154643614
0.28392,0.0,7.38,0.0,0.493,5.708,74.3,4.7211,5,287,19.6,391.13,11.74,18.5,19.25231916270745
0.34109,0.0,7.38,0.0,0.493,6.415,40.1,4.7211,5,287,19.6,396.9,6.12,25.0,23.291114767874532
0.19186,0.0,7.38,0.0,0.493,6.431,14.7,5.4159,5,287,19.6,393.68,5.08,24.6,24.872098030976478
0.30347,0.0,7.38,0.0,0.493,6.312,28.9,5.4159,5,287,19.6,396.9,6.15,23.0,23.59371243102493
0.24103,0.0,7.38,0.0,0.493,6.083,43.7,5.4159,5,287,19.6,396.9,12.79,22.2,21.595416571538482
0.06617,0.0,3.24,0.0,0.46,5.868,25.8,5.2146,4,430,16.9,382.44,9.97,19.3,19.397497942423836
0.06724,0.0,3.24,0.0,0.46,6.333,17.2,5.2146,4,430,16.9,375.21,7.34,22.6,22.566288860594945
0.04544,,3.24,0.0,0.46,6.144,32.2,5.8736,4,430,16.9,368.57,9.09,19.8,20.50188403112548
0.05023,35.0,6.06,0.0,0.4379,5.706,28.4,6.6407,1,304,16.9,394.02,12.43,17.1,17.422468111170982
0.03466,,6.06,0.0,0.4379,6.031,23.3,6.6407,1,304,16.9,362.25,7.83,19.4,19.093340197374342
0.05083,0.0,5.19,0.0,0.515,6.316,38.1,6.4584,5,224,20.2,389.71,5.68,22.2,22.309114819542987
0.03738,0.0,5.19,0.0,0.515,6.31,38.5,6.4584,5,224,20.2,389.4,6.75,20.7,21.206069324907343
0.03961,0.0,5.19,0.0,0.515,6.037,34.5,5.9853,5,224,20.2,396.9,8.01,21.1,20.33510949226154
0.03427,0.0,5.19,0.0,0.515,5.869,46.3,5.2311,5,224,20.2,396.9,9.8,19.5,18.008722355953555
0.03041,0.0,5.19,0.0,0.515,5.895,59.6,5.615,5,224,20.2,394.81,10.56,18.5,18.320613907970674
0.03306,0.0,5.19,0.0,0.515,6.059,37.3,4.8122,5,224,20.2,396.14,8.51,20.6,20.744674454137932
0.05497,0.0,5.19,0.0,0.515,5.985,45.4,4.8122,5,224,20.2,396.9,9.74,19.0,18.79663219827371
0.06151,0.0,5.19,0.0,0.515,5.968,58.5,4.8122,5,224,20.2,396.9,9.29,18.7,19.501663885118298
0.01301,35.0,1.52,0.0,0.442,7.241,49.3,7.0379,1,284,15.5,394.74,5.49,32.7,32.69832502655393
0.02498,0.0,1.89,0.0,0.518,6.54,59.7,6.2669,1,422,15.9,389.96,8.65,16.5,16.99683975518575
0.02543,55.0,3.78,0.0,0.484,6.696,56.4,5.7321,5,370,17.6,396.9,7.18,23.9,24.644279839993427
0.03049,55.0,,0.0,0.484,6.874,28.1,6.4654,5,370,17.6,387.97,4.61,31.2,30.718997394306562
0.03113,0.0,4.39,0.0,0.442,6.014,48.5,8.0136,3,352,18.8,385.64,10.53,17.5,18.10900162370001
0.06162,0.0,4.39,0.0,0.442,5.898,52.3,8.0136,3,352,18.8,364.61,12.67,17.2,17.99138943223641
0.0187,85.0,4.15,0.0,0.429,6.516,27.7,8.5353,4,351,17.9,392.43,6.36,23.1,23.154434266160976
0.01501,80.0,2.01,0.0,0.435,6.635,29.7,8.344,4,280,17.0,390.94,5.99,24.5,24.880745035494893
0.02899,40.0,1.25,0.0,0.429,6.939,34.5,8.7921,1,335,19.7,389.85,,26.6,26.41320675742673
0.06211,,1.25,0.0,0.429,6.49,44.4,8.7921,1,335,19.7,396.9,,22.9,22.50273038596046
0.0795,60.0,1.69,0.0,0.411,6.579,35.9,10.7103,4,411,18.3,370.78,5.49,24.1,23.624354869490546
0.07244,60.0,1.69,0.0,0.411,5.884,18.5,10.7103,4,411,18.3,392.33,7.79,18.6,18.89139228169885
0.01709,90.0,2.02,0.0,0.41,6.728,36.1,12.1265,5,187,17.0,384.46,4.5,30.1,30.274848195106838
0.04301,80.0,1.91,0.0,0.413,5.663,21.9,10.5857,4,334,22.0,382.8,8.05,18.2,18.31007091859345
0.10659,,1.91,0.0,0.413,5.936,,10.5857,4,334,22.0,376.04,5.57,20.6,18.91820745935251
8.98296,0.0,18.1,1.0,0.77,6.212,97.4,2.1222,24,666,20.2,377.73,17.6,17.8,17.24154479272663
3.8497,0.0,18.1,1.0,0.77,6.395,91.0,2.5052,24,666,20.2,391.34,13.27,21.7,21.491880507643238
5.20177,0.0,18.1,1.0,0.77,6.127,83.4,2.7227,24,666,20.2,395.43,11.48,22.7,22.20461012653935
4.26131,0.0,,0.0,0.77,6.112,81.3,2.5091,24,666,20.2,390.74,12.67,22.6,22.532336902810084
4.54192,0.0,18.1,0.0,0.77,6.398,88.0,2.5182,24,666,20.2,374.56,7.79,25.0,24.2170809256119
3.83684,0.0,18.1,0.0,0.77,6.251,91.1,2.2955,24,666,20.2,350.65,14.19,19.9,20.24777991551334
3.67822,0.0,18.1,0.0,0.77,5.362,96.2,2.1036,24,666,20.2,380.79,10.19,20.8,18.522719467342785
4.22239,0.0,18.1,1.0,0.77,5.803,89.0,1.9047,24,666,20.2,353.04,14.64,16.8,17.249783829400727
3.47428,0.0,18.1,1.0,0.718,8.78,82.9,1.9047,24,666,20.2,354.55,5.29,21.9,22.34930988421862
4.55587,0.0,18.1,0.0,0.718,3.561,87.9,1.6132,24,666,20.2,354.7,7.12,27.5,18.911252895635116
3.69695,0.0,18.1,0.0,0.718,4.963,91.4,1.7523,24,666,20.2,316.03,14.0,21.9,21.351201442356967
13.5222,0.0,18.1,,0.631,3.863,100.0,1.5106,24,666,20.2,131.42,13.33,23.1,23.108679612022367
4.89822,0.0,18.1,0.0,0.631,4.97,,1.3325,24,666,20.2,375.52,3.26,50.0,49.68831608666961
,0.0,18.1,1.0,0.631,6.683,96.8,1.3567,24,666,20.2,375.33,3.73,50.0,49.951079795874406
6.53876,0.0,18.1,1.0,0.631,7.016,97.5,1.2024,24,666,20.2,392.05,2.96,50.0,49.7922712284225
9.2323,0.0,18.1,0.0,0.631,6.216,100.0,1.1691,24,666,20.2,366.15,9.53,50.0,39.69773276749252
8.26725,0.0,18.1,1.0,0.668,5.875,89.6,1.1296,24,666,20.2,347.88,8.88,50.0,49.671248146018584
11.1081,0.0,18.1,0.0,0.668,4.906,100.0,1.1742,24,666,20.2,396.9,34.77,13.8,13.809286571484018
18.4982,0.0,18.1,0.0,0.668,4.138,100.0,1.137,24,666,20.2,396.9,37.97,13.8,13.720880580843858
19.6091,,18.1,0.0,0.671,7.313,97.9,1.3163,24,666,20.2,396.9,13.44,15.0,18.474477442627677
15.288,0.0,18.1,,0.671,6.649,93.3,1.3449,24,666,20.2,363.02,,13.9,14.697764861840856
9.82349,0.0,18.1,0.0,0.671,6.794,98.8,1.358,24,666,20.2,396.9,21.24,13.3,13.130957497696597
23.6482,0.0,18.1,0.0,0.671,6.38,96.2,1.3861,24,666,20.2,396.9,23.69,13.1,12.295586635159658
17.8667,0.0,18.1,0.0,0.671,6.223,100.0,1.3861,24,666,20.2,393.74,21.78,10.2,10.453792284976252
88.9762,0.0,18.1,0.0,0.671,6.968,91.9,1.4165,24,666,20.2,396.9,17.21,10.4,10.51143709148924
15.8744,0.0,18.1,0.0,0.671,6.545,99.1,1.5192,24,666,20.2,396.9,21.08,10.9,9.842193950511346
9.18702,0.0,18.1,0.0,0.7,5.536,100.0,1.5804,24,666,20.2,396.9,23.6,11.3,10.687913923387212
7.99248,0.0,18.1,0.0,0.7,5.52,100.0,1.5331,24,666,20.2,396.9,,12.3,13.07744338701723
20.0849,0.0,18.1,0.0,0.7,4.368,91.2,1.4395,24,666,20.2,285.83,30.63,8.8,8.770306654786335
16.8118,0.0,18.1,0.0,0.7,5.277,98.1,1.4261,24,666,20.2,396.9,30.81,7.2,7.098717988387997
24.3938,0.0,18.1,0.0,0.7,4.652,100.0,1.4672,24,666,20.2,396.9,28.28,10.5,9.803006545136242
22.5971,0.0,18.1,0.0,0.7,5.0,89.5,1.5184,24,666,20.2,396.9,31.99,7.4,7.860357410538506
14.3337,0.0,18.1,,0.7,4.88,100.0,1.5895,24,666,20.2,372.92,30.62,10.2,9.368119748843945
8.15174,0.0,18.1,0.0,0.7,5.39,98.9,1.7281,24,666,20.2,396.9,20.85,11.5,11.129591269006973
6.96215,0.0,18.1,0.0,0.7,5.713,97.0,1.9265,24,666,20.2,394.43,17.11,15.1,12.537414547438114
5.29305,0.0,18.1,0.0,0.7,6.051,82.5,2.1678,24,666,20.2,378.38,18.76,23.2,22.178636795447844
11.5779,0.0,18.1,0.0,0.7,5.036,97.0,1.77,24,666,20.2,396.9,25.68,9.7,9.584769216045968
,0.0,18.1,0.0,0.693,6.193,92.6,1.7912,24,666,20.2,396.9,15.17,13.8,14.267327565325495
,0.0,18.1,0.0,0.693,5.887,94.7,1.7821,24,666,20.2,396.9,16.35,12.7,12.758847993493603
8.71675,0.0,18.1,0.0,0.693,6.471,98.8,1.7257,24,666,20.2,391.98,17.12,13.1,12.706094665192762
5.87205,0.0,18.1,0.0,0.693,6.405,96.0,1.6768,24,666,20.2,396.9,19.37,12.5,13.158232290217786
7.67202,0.0,18.1,0.0,0.693,5.747,98.9,1.6334,24,666,20.2,393.1,19.92,8.5,9.152322013895045
38.3518,0.0,18.1,0.0,0.693,5.453,100.0,1.4896,24,666,20.2,396.9,30.59,5.0,6.326982924359448
9.91655,0.0,18.1,0.0,0.693,5.852,77.8,1.5004,24,666,20.2,338.16,29.97,6.3,6.79014377297309
25.0461,0.0,18.1,0.0,0.693,5.987,100.0,1.5888,24,666,20.2,396.9,26.77,5.6,6.3078036737732495
14.2362,0.0,18.1,,0.693,6.343,100.0,1.5741,24,666,20.2,396.9,20.32,7.2,7.780841702394572
9.59571,0.0,18.1,0.0,0.693,6.404,100.0,1.639,24,666,20.2,376.11,20.31,12.1,11.625723321825701
24.8017,0.0,18.1,0.0,0.693,5.349,96.0,1.7028,24,666,20.2,396.9,19.77,8.3,8.52619535194477
41.5292,0.0,18.1,0.0,0.693,5.531,85.4,1.6074,24,666,20.2,329.46,27.38,8.5,8.298909267113661
67.9208,0.0,18.1,0.0,0.693,5.683,100.0,1.4254,24,666,20.2,384.97,22.98,5.0,5.432143774938728
20.7162,0.0,,0.0,0.659,4.138,100.0,1.1781,24,666,20.2,370.22,23.34,11.9,12.341349261001868
11.9511,0.0,18.1,0.0,0.659,5.608,100.0,1.2852,24,666,20.2,332.09,,27.9,27.392724337635375
7.40389,0.0,18.1,0.0,0.597,5.617,97.9,1.4547,24,666,20.2,314.64,26.4,17.2,13.80976261912742
,0.0,18.1,0.0,0.597,6.852,100.0,1.4655,24,666,20.2,179.36,19.78,27.5,26.79700352607333
51.1358,0.0,18.1,0.0,0.597,5.757,100.0,1.413,24,666,20.2,2.6,10.11,15.0,15.13800616385981
14.0507,0.0,18.1,0.0,0.597,6.657,100.0,1.5275,24,666,20.2,35.05,21.22,17.2,13.220875516695125
18.811,0.0,18.1,0.0,0.597,4.628,100.0,1.5539,24,666,20.2,28.79,34.37,17.9,10.399468669478543
28.6558,0.0,18.1,0.0,0.597,5.155,100.0,1.5894,24,666,20.2,210.97,20.08,16.3,16.025226258699334
45.7461,0.0,18.1,0.0,0.693,4.519,100.0,1.6582,24,666,20.2,88.27,36.98,7.0,7.160391775562576
18.0846,0.0,18.1,0.0,0.679,6.434,100.0,1.8347,24,666,20.2,27.25,29.05,7.2,7.439539057687163
10.8342,0.0,18.1,0.0,0.679,6.782,90.8,1.8195,24,666,20.2,21.57,25.79,7.5,7.99671313208803
25.9406,0.0,18.1,0.0,0.679,5.304,89.1,1.6475,24,666,20.2,127.36,26.64,10.4,9.06593324423915
73.5341,0.0,18.1,0.0,0.679,5.957,100.0,1.8026,24,666,20.2,16.45,20.62,8.8,8.264056849716965
11.8123,0.0,18.1,0.0,0.718,6.824,76.5,1.794,24,666,20.2,48.45,22.74,8.4,8.528795674289352
11.0874,0.0,18.1,0.0,0.718,6.411,100.0,1.8589,24,666,20.2,318.75,15.02,16.7,15.648599674701977
7.02259,0.0,18.1,0.0,0.718,6.006,95.3,1.8746,24,666,20.2,319.98,15.7,14.2,15.902663655021806
12.0482,0.0,18.1,0.0,0.614,5.648,87.6,1.9512,24,666,20.2,291.55,14.1,20.8,20.354807077366072
7.05042,0.0,18.1,0.0,0.614,6.103,,2.0218,24,666,20.2,2.52,23.29,13.4,13.263622555590718
8.79212,0.0,18.1,0.0,0.584,5.565,70.6,2.0635,24,666,20.2,3.65,17.16,11.7,12.004600898668775
15.8603,0.0,18.1,0.0,0.679,5.896,95.4,1.9096,24,666,20.2,7.68,24.39,8.3,8.072450835930647
,0.0,18.1,0.0,0.584,5.837,59.7,1.9976,24,666,20.2,24.65,15.69,10.2,10.855212431985693
37.6619,,18.1,0.0,0.679,6.202,78.7,1.8629,24,666,20.2,18.82,14.52,10.9,11.002405491736031
7.36711,0.0,18.1,0.0,0.679,6.193,78.1,1.9356,24,666,20.2,96.73,21.52,11.0,10.64666298975593
9.33889,0.0,18.1,0.0,0.679,6.38,,1.9682,24,666,20.2,60.72,24.08,9.5,9.923385335431696
,0.0,18.1,0.0,0.584,6.348,86.1,2.0527,24,666,20.2,83.45,17.64,14.5,14.32490853396108
10.0623,0.0,18.1,0.0,0.584,6.833,94.3,2.0882,24,666,20.2,81.33,19.69,14.1,14.347474440294677
6.44405,0.0,18.1,0.0,0.584,6.425,74.8,2.2004,24,666,20.2,97.95,12.03,16.1,16.56623932434408
5.58107,0.0,18.1,0.0,0.713,6.436,87.9,2.3158,24,666,20.2,100.19,16.22,14.3,14.321967436617182
13.9134,0.0,18.1,0.0,0.713,6.208,95.0,2.2222,24,666,20.2,100.63,15.17,11.7,11.610885328914543
11.1604,0.0,18.1,0.0,0.74,6.629,94.6,2.1247,24,666,20.2,109.85,23.27,13.4,13.035325593707753
14.4208,0.0,18.1,0.0,0.74,6.461,93.3,2.0026,24,666,20.2,27.49,18.05,9.6,11.295308413537589
15.1772,0.0,18.1,0.0,0.74,6.152,100.0,1.9142,24,666,20.2,9.32,26.45,8.7,8.849565591517592
13.6781,0.0,18.1,0.0,0.74,5.935,87.9,1.8206,24,666,20.2,68.95,34.02,8.4,8.245803890402057
9.39063,0.0,18.1,0.0,0.74,5.627,93.9,1.8172,24,666,20.2,396.9,22.88,12.8,12.299658627781875
22.0511,0.0,18.1,0.0,0.74,5.818,92.4,1.8662,24,666,20.2,391.45,,10.5,10.809823471355894
9.72418,0.0,18.1,0.0,0.74,6.406,97.2,2.0651,24,666,20.2,385.96,,17.1,17.508066284059474
5.66637,0.0,18.1,,0.74,6.219,100.0,2.0048,24,666,20.2,395.69,16.59,18.4,15.400900686273356
9.96654,0.0,18.1,0.0,0.74,6.485,100.0,1.9784,24,666,20.2,386.73,18.85,15.4,14.968130085541018
12.8023,0.0,18.1,0.0,0.74,5.854,96.6,1.8956,24,666,20.2,240.52,23.79,10.8,10.147265254645587
10.6718,0.0,18.1,0.0,0.74,6.459,94.8,1.9879,24,666,20.2,43.06,23.98,11.8,11.270876580993495
6.28807,0.0,18.1,0.0,0.74,6.341,96.4,2.072,24,666,20.2,318.01,17.79,14.9,15.147347935403436
9.92485,0.0,18.1,0.0,0.74,6.251,96.6,2.198,24,666,20.2,388.52,16.44,12.6,13.456981191036556
9.32909,0.0,18.1,0.0,0.713,6.185,98.7,2.2616,24,666,20.2,396.9,18.13,14.1,14.250698810136907
7.52601,0.0,18.1,0.0,0.713,6.417,98.3,2.185,24,666,20.2,304.21,19.31,13.0,13.475060138628407
6.71772,0.0,18.1,,0.713,6.749,92.6,2.3236,24,666,20.2,0.32,17.44,13.4,12.785763000099525
5.44114,0.0,18.1,0.0,0.713,6.655,,2.3552,24,666,20.2,355.29,17.73,15.2,15.326328662136753
5.09017,0.0,18.1,0.0,0.713,6.297,91.8,2.3682,24,666,20.2,385.09,17.27,16.1,16.842523856038397
8.24809,0.0,,0.0,0.713,7.393,99.3,2.4527,24,666,20.2,375.87,16.74,17.8,17.538546209222513
9.51363,0.0,18.1,0.0,0.713,6.728,94.1,2.4961,24,666,20.2,6.68,18.71,14.9,11.882174348716848
4.75237,0.0,18.1,0.0,0.713,6.525,86.5,2.4358,24,666,20.2,50.92,18.13,14.1,14.378815149771048
4.66883,0.0,18.1,0.0,0.713,5.976,87.9,2.5806,24,666,20.2,10.48,19.01,12.7,16.252630580353006
8.20058,0.0,18.1,0.0,0.713,5.936,80.3,2.7792,24,666,20.2,3.5,16.94,13.5,14.120783357961129
7.75223,,,0.0,0.713,6.301,83.7,2.7831,24,666,20.2,272.21,16.23,14.9,15.105132576238212
6.80117,0.0,18.1,0.0,0.713,6.081,84.4,2.7175,24,666,20.2,396.9,14.7,20.0,19.58990560041856
,0.0,18.1,0.0,0.713,6.701,90.0,2.5975,24,666,20.2,255.23,16.42,16.4,15.690160937733886
3.69311,0.0,18.1,0.0,0.713,6.376,88.4,2.5671,24,666,20.2,391.43,14.65,17.7,18.253000213419522
6.65492,0.0,18.1,0.0,0.713,6.317,83.0,2.7344,24,666,20.2,396.9,13.99,19.5,19.428551336648052
5.82115,0.0,18.1,0.0,0.713,6.513,89.9,2.8016,24,666,20.2,393.82,10.29,20.2,20.02505510038812
7.83932,0.0,18.1,0.0,0.655,6.209,65.4,2.9634,24,666,20.2,396.9,13.22,21.4,21.786954717336783
,0.0,18.1,,0.655,5.759,48.2,3.0665,24,666,20.2,334.4,14.13,19.9,19.917728481002907
3.77498,0.0,,0.0,0.655,5.952,84.7,2.8715,24,666,20.2,22.01,17.15,19.0,18.249220409974008
4.42228,0.0,18.1,0.0,0.584,6.003,94.5,2.5403,24,666,20.2,331.29,21.32,19.1,15.800639635551743
15.5757,0.0,18.1,0.0,0.58,5.926,71.0,2.9084,24,666,20.2,368.74,18.13,19.1,18.49488798769283
13.0751,0.0,18.1,0.0,0.58,5.713,56.7,2.8237,24,666,20.2,396.9,14.76,20.1,19.928545717768518
4.34879,0.0,18.1,0.0,0.58,6.167,84.0,3.0334,24,666,20.2,396.9,16.29,19.9,18.61965857970845
4.03841,0.0,18.1,0.0,0.532,6.229,90.7,3.0993,24,666,20.2,395.33,12.87,19.6,21.32976526790037
3.56868,0.0,18.1,0.0,0.58,6.437,75.0,2.8965,24,666,20.2,393.37,14.36,23.2,22.057035956758284
4.64689,0.0,18.1,0.0,0.614,6.98,67.6,2.5329,24,666,20.2,374.68,,29.8,26.374393507370915
8.05579,0.0,18.1,0.0,0.584,5.427,95.4,2.4298,24,666,20.2,352.58,18.14,13.8,15.357005309575888
6.39312,0.0,18.1,0.0,0.584,6.162,97.4,2.206,24,666,20.2,302.76,24.1,13.3,13.213778552275299
4.87141,0.0,18.1,0.0,0.614,6.484,93.6,2.3053,24,666,20.2,396.21,18.68,16.7,17.599379325357468
15.0234,0.0,18.1,0.0,0.614,5.304,97.3,2.1007,24,666,20.2,349.48,24.91,12.0,12.233545958770149
10.233,0.0,18.1,0.0,0.614,6.185,96.7,2.1705,24,666,20.2,379.7,18.03,14.6,15.670035111824816
14.3337,0.0,18.1,,0.614,6.229,88.0,1.9512,24,666,20.2,383.32,13.11,21.4,20.71628753739331
5.82401,0.0,18.1,0.0,0.532,6.242,64.7,3.4242,24,666,20.2,396.9,10.74,23.0,22.249878021126058
5.70818,0.0,18.1,0.0,0.532,6.75,74.9,3.3317,24,666,20.2,393.07,7.74,23.7,26.07391555462476
5.73116,0.0,18.1,,0.532,7.061,77.0,3.4106,24,666,20.2,395.28,7.01,25.0,25.758275903636505
2.81838,0.0,18.1,0.0,0.532,5.762,40.3,4.0983,24,666,20.2,392.92,10.42,21.8,21.36504023573332
2.37857,0.0,18.1,0.0,0.583,5.871,41.9,3.724,24,666,20.2,370.73,13.34,20.6,20.994484922247484
3.67367,0.0,18.1,0.0,0.583,6.312,51.9,3.9917,24,666,20.2,388.62,10.58,21.2,20.927894094491094
5.69175,0.0,18.1,0.0,0.583,6.114,79.8,3.5459,24,666,20.2,392.68,14.98,19.1,19.599748996425763
4.83567,0.0,18.1,0.0,0.583,5.905,53.2,3.1523,24,666,20.2,388.22,11.45,20.6,21.30427991480282
0.15086,0.0,27.74,0.0,0.609,5.454,92.7,1.8209,4,711,20.1,395.09,18.06,15.2,15.065367470749798
0.18337,0.0,27.74,0.0,0.609,5.414,98.3,1.7554,4,711,20.1,344.05,23.97,7.0,13.008583473004466
0.20746,0.0,27.74,0.0,0.609,5.093,98.0,1.8226,4,711,20.1,318.43,29.68,8.1,8.672826865742435
0.10574,0.0,27.74,0.0,0.609,5.983,98.8,1.8681,4,711,20.1,390.11,18.07,13.6,16.705329522062122
0.11132,0.0,27.74,0.0,0.609,5.983,83.5,2.1099,4,711,20.1,396.9,13.35,20.1,19.811602714495756
0.17331,0.0,9.69,0.0,0.585,5.707,54.0,2.3817,6,391,19.2,396.9,12.01,21.8,21.411960710484873
0.27957,0.0,9.69,0.0,0.585,5.926,42.6,2.3817,6,391,19.2,396.9,13.59,24.5,23.50585486767696
0.17899,0.0,9.69,0.0,0.585,5.67,28.8,2.7986,6,391,19.2,393.29,17.6,23.1,23.095448978667342
0.2896,0.0,9.69,0.0,0.585,5.39,72.9,2.7986,6,391,19.2,396.9,21.14,19.7,18.17908117041672
0.26838,0.0,9.69,0.0,0.585,5.794,70.6,2.8927,6,391,19.2,396.9,14.1,18.3,21.604266093025323
0.23912,0.0,9.69,0.0,0.585,6.019,65.3,2.4091,6,391,19.2,396.9,12.92,21.2,21.410240659443538
0.17783,0.0,9.69,0.0,0.585,5.569,73.5,2.3999,6,391,19.2,395.77,15.1,17.5,18.36006364060532
0.22438,0.0,9.69,0.0,0.585,6.027,79.7,2.4982,6,391,19.2,396.9,14.33,16.8,20.846935066010413
0.06263,0.0,11.93,0.0,0.573,6.593,69.1,2.4786,1,273,21.0,391.99,,22.4,19.959727987258443
0.04527,0.0,11.93,0.0,0.573,6.12,76.7,2.2875,1,273,21.0,396.9,9.08,20.6,19.53667965293239
0.06076,0.0,11.93,0.0,0.573,6.976,91.0,2.1675,1,273,21.0,396.9,5.64,23.9,23.428037154208024
0.10959,0.0,11.93,0.0,0.573,6.794,89.3,2.3889,1,273,21.0,393.45,6.48,22.0,22.569393690792012
0.04741,0.0,11.93,0.0,0.573,6.03,,2.505,1,273,21.0,396.9,7.88,11.9,13.085575485942266
